max_periods,n_groups,var,p_min,p_max,n_sims,intercept,slope
3,50,x1,0.01,0.050833333333333335,500,0.0018479357302164017,0.11741551818278424
3,50,x1,0.01,0.050833333333333335,500,0.008080760004325439,0.07250381545563422
3,50,x1,0.01,0.050833333333333335,500,0.011847929948334663,0.06588413573014133
3,50,x1,0.01,0.050833333333333335,500,0.00917512580608172,0.04400629758580153
3,50,x1,0.01,0.050833333333333335,500,0.007695428749259721,0.037061164595342005
3,50,x1,0.01,0.050833333333333335,500,0.013290205150888865,0.0523620359426996
3,50,x1,0.01,0.050833333333333335,500,0.005457967057790425,0.05502513089834953
3,50,x1,0.01,0.050833333333333335,500,0.005296091132522786,0.0390186198760298
3,50,x1,0.01,0.050833333333333335,500,0.011775601962523334,0.06637985115319661
3,50,x1,0.01,0.050833333333333335,500,0.007126865344572822,0.056252197636459285
3,50,x1,0.01,0.050833333333333335,500,0.0061009012818058275,0.04107211419675278
3,50,x1,0.01,0.050833333333333335,500,0.011554298328207492,-0.00575614336287564
3,50,x1,0.01,0.050833333333333335,500,0.007696102849587269,0.056434078110285314
3,50,x1,0.01,0.050833333333333335,500,0.007097931067918914,0.0723617815960196
3,50,x1,0.01,0.050833333333333335,500,0.012730350406589026,0.001412951899252374
3,50,x1,0.01,0.050833333333333335,500,0.014160238737507831,0.027288507460064688
3,50,x1,0.01,0.050833333333333335,500,0.015488517351721796,-0.005074128785720078
3,50,x1,0.01,0.050833333333333335,500,0.016551548511242166,-0.0037145532237042897
3,50,x1,0.01,0.050833333333333335,500,0.012486970513560213,0.05311116971257506
3,50,x1,0.01,0.050833333333333335,500,6.680972251818155e-5,0.10459256985777975
3,50,x1,0.01,0.050833333333333335,500,0.020438577172199702,0.06359753998499708
3,50,x1,0.01,0.050833333333333335,500,0.00510856387560603,0.06903365954896164
3,50,x1,0.01,0.050833333333333335,500,0.012466327341694833,0.009402259000748894
3,50,x1,0.01,0.050833333333333335,500,0.016216040352551645,-0.009049989146747048
3,50,x1,0.01,0.050833333333333335,500,0.003028306176485525,0.13303932841784474
3,50,x1,0.01,0.050833333333333335,500,0.008769600666752114,0.03487278578183484
3,50,x1,0.01,0.050833333333333335,500,0.015732821785468566,0.023013842471308887
3,50,x1,0.01,0.050833333333333335,500,0.019046210511807094,-3.7100203220955983e-4
3,50,x1,0.01,0.050833333333333335,500,0.007879617264388803,0.1099064143476197
3,50,x1,0.01,0.050833333333333335,500,0.006109072482278688,0.03289804468090348
3,50,x1,0.01,0.050833333333333335,500,0.011461284929308998,0.08138533784318513
3,50,x1,0.01,0.050833333333333335,500,0.009581107883387618,0.04054954522684643
3,50,x1,0.01,0.050833333333333335,500,0.011624583316578641,0.014286821673686423
3,50,x1,0.01,0.050833333333333335,500,0.007480468839477903,0.07146684231635676
3,50,x1,0.01,0.050833333333333335,500,0.00709566643217894,0.06310983272449736
3,50,x1,0.01,0.050833333333333335,500,0.006532839254454895,0.12043771289537573
3,50,x1,0.01,0.050833333333333335,500,0.0031408137265684054,0.09253279871674615
3,50,x1,0.01,0.050833333333333335,500,0.004471574803926693,0.07088118034427128
3,50,x1,0.01,0.050833333333333335,500,0.007092679399949432,0.03807487685775535
3,50,x1,0.01,0.050833333333333335,500,0.011656465525761875,0.07207268465861937
3,50,x1,0.01,0.050833333333333335,500,0.011707794318304696,0.03556970799844625
3,50,x1,0.01,0.050833333333333335,500,0.007051604619969227,0.03953655458549656
3,50,x1,0.01,0.050833333333333335,500,0.008711381051177912,0.041549029711801876
3,50,x1,0.01,0.050833333333333335,500,0.015364687284806559,-0.0020982986869060266
3,50,x1,0.01,0.050833333333333335,500,0.012006094017913822,0.04309637147578475
3,50,x1,0.01,0.050833333333333335,500,0.007650263193057911,0.05770429319497824
3,50,x1,0.01,0.050833333333333335,500,0.0181250818683933,-0.009976108882580824
3,50,x1,0.01,0.050833333333333335,500,0.004019688243031366,0.11112702827125188
3,50,x1,0.01,0.050833333333333335,500,0.009926247351262851,0.010894467353906267
3,50,x1,0.01,0.050833333333333335,500,0.02158962526331158,-0.0128209513754666
3,50,x1,0.01,0.050833333333333335,500,0.013461216338578715,0.024012089924960737
3,50,x1,0.01,0.050833333333333335,500,0.017800677810261206,0.057541624761132275
3,50,x1,0.01,0.050833333333333335,500,0.0048448838124525795,0.05054822140268117
3,50,x1,0.01,0.050833333333333335,500,0.01800333062968656,-0.025740671877702247
3,50,x1,0.01,0.050833333333333335,500,0.00622800789893722,0.05948544572294384
3,50,x1,0.01,0.050833333333333335,500,0.006968710612762889,0.08214066667466481
3,50,x1,0.01,0.050833333333333335,500,0.011936528590725665,0.04204292840796975
3,50,x1,0.01,0.050833333333333335,500,0.007938161876077253,0.03812084506922482
3,50,x1,0.01,0.050833333333333335,500,3.5461285378902274e-4,0.1262768863859298
3,50,x1,0.01,0.050833333333333335,500,0.01278022578017923,0.01999457791751737
3,50,x1,0.01,0.050833333333333335,500,0.00627722908030723,0.06581047271335733
3,50,x1,0.01,0.050833333333333335,500,0.019605588314842576,-0.019496653382590507
3,50,x1,0.01,0.050833333333333335,500,0.0050353471197722224,0.0439903949890356
3,50,x1,0.01,0.050833333333333335,500,0.015790183360286945,0.018896013258356936
3,50,x1,0.01,0.050833333333333335,500,0.006899745151808427,0.033141853349406586
3,50,x1,0.01,0.050833333333333335,500,0.0011200309053858606,0.10060567166863844
3,50,x1,0.01,0.050833333333333335,500,0.015620362855928101,-9.931140612461377e-4
3,50,x1,0.01,0.050833333333333335,500,0.008724174548485683,0.09018569248395236
3,50,x1,0.01,0.050833333333333335,500,0.008738487665532294,0.016896059760209
3,50,x1,0.01,0.050833333333333335,500,0.010068626398099498,0.06651335538176498
3,50,x1,0.01,0.050833333333333335,500,0.01167562884591494,0.0083057656904191
3,50,x1,0.01,0.050833333333333335,500,0.008855319283493904,0.05514568987569486
3,50,x1,0.01,0.050833333333333335,500,0.01507972703991915,0.036450305102857385
3,50,x1,0.01,0.050833333333333335,500,0.008659466367330991,0.04623141758304254
3,50,x1,0.01,0.050833333333333335,500,0.014541648735130558,0.045585030294506196
3,50,x1,0.01,0.050833333333333335,500,0.012499390525661527,0.02456306635740768
3,50,x1,0.01,0.050833333333333335,500,0.01348419078723552,0.03280017421207894
3,50,x1,0.01,0.050833333333333335,500,0.004258107250383099,0.08506130973634976
3,50,x1,0.01,0.050833333333333335,500,0.010777414451681615,0.04131364378557033
3,50,x1,0.01,0.050833333333333335,500,0.008781875182173056,0.040758969763676066
3,50,x1,0.01,0.050833333333333335,500,0.016273217747855832,0.004085441035796634
3,50,x1,0.01,0.050833333333333335,500,0.004305484363958461,0.06967595698686652
3,50,x1,0.01,0.050833333333333335,500,0.012734244381681687,0.0657385401322482
3,50,x1,0.01,0.050833333333333335,500,0.0029732546623578424,0.12421364951070415
3,50,x1,0.01,0.050833333333333335,500,0.015812677785422845,-0.014473090216400343
3,50,x1,0.01,0.050833333333333335,500,0.009521655228724342,0.04603550702997844
3,50,x1,0.01,0.050833333333333335,500,0.004144816436154033,0.04027423216036602
3,50,x1,0.01,0.050833333333333335,500,0.009287671201272848,0.044913171195946414
3,50,x1,0.01,0.050833333333333335,500,4.398660544357621e-4,0.14738917833252976
3,50,x1,0.01,0.050833333333333335,500,0.01057929334456161,0.07009712918994661
3,50,x1,0.01,0.050833333333333335,500,0.01109166474264404,0.025328541305303036
3,50,x1,0.01,0.050833333333333335,500,4.8489889733396163e-4,0.08441042647547656
3,50,x1,0.01,0.050833333333333335,500,0.0066443091106875175,0.028752417588994734
3,50,x1,0.01,0.050833333333333335,500,0.013315923854979792,0.014795580000079042
3,50,x1,0.01,0.050833333333333335,500,0.013806770607161718,0.06191318551688159
3,50,x1,0.01,0.050833333333333335,500,0.01372945746451903,0.019490057082467975
3,50,x1,0.01,0.050833333333333335,500,0.010797540568140132,0.03684527108804627
3,50,x1,0.01,0.050833333333333335,500,0.010946195297840376,0.024209760038328806
3,50,x1,0.01,0.050833333333333335,500,0.010721576932546195,0.07952277187099986
3,50,x1,0.01,0.050833333333333335,500,0.019040178089234985,-0.017280608515295625
3,50,x1,0.01,0.050833333333333335,500,0.0030549385500331567,0.09432426705399521
3,50,x1,0.01,0.050833333333333335,500,0.008293062430511129,0.06397526944618387
3,50,x1,0.01,0.050833333333333335,500,0.015542700202593851,0.013387591577214177
3,50,x1,0.01,0.050833333333333335,500,0.001050744719272389,0.1535629701936023
3,50,x1,0.01,0.050833333333333335,500,0.00888014017163759,0.051827989131256365
3,50,x1,0.01,0.050833333333333335,500,0.00541956359459803,0.07118211475258669
3,50,x1,0.01,0.050833333333333335,500,0.004807687708441516,0.038312201618148085
3,50,x1,0.01,0.050833333333333335,500,0.01617791645453435,-0.0021252407318665336
3,50,x1,0.01,0.050833333333333335,500,0.009692467082582316,0.0702331913627028
3,50,x1,0.01,0.050833333333333335,500,0.013231603404396856,0.05360977801993024
3,50,x1,0.01,0.050833333333333335,500,0.004270482087781654,0.032565485777588436
3,50,x1,0.01,0.050833333333333335,500,0.0045787777313671795,0.1160703572080161
3,50,x1,0.01,0.050833333333333335,500,0.010888185758574594,0.010990130641684123
3,50,x1,0.01,0.050833333333333335,500,0.005984261429144083,0.06319936240239128
3,50,x1,0.01,0.050833333333333335,500,0.012534562198181897,0.02461811622827893
3,50,x1,0.01,0.050833333333333335,500,0.015397892861583303,0.08261147393557729
3,50,x1,0.01,0.050833333333333335,500,0.0032651863125997753,0.06095284273172666
3,50,x1,0.01,0.050833333333333335,500,0.006853299306404114,0.08329831340672093
3,50,x1,0.01,0.050833333333333335,500,0.003355259885634923,0.10335589462295958
3,50,x1,0.01,0.050833333333333335,500,0.010161805792693582,0.01974973665569709
3,50,x1,0.01,0.050833333333333335,500,0.013426905240366339,0.029609541182275163
3,50,x1,0.01,0.050833333333333335,500,0.009601646362320979,0.05997193601266581
3,50,x1,0.01,0.050833333333333335,500,0.007204967080642346,0.07634305995936083
3,50,x1,0.01,0.050833333333333335,500,0.005959344915718505,0.04753659287888724
3,50,x1,0.01,0.050833333333333335,500,5.306049297685203e-4,0.10876191995751484
3,50,x1,0.01,0.050833333333333335,500,0.00687147336135365,0.022948304109816905
3,50,x1,0.01,0.050833333333333335,500,0.006876329268781425,0.03100565612999959
3,50,x1,0.01,0.050833333333333335,500,0.0037947643415266433,0.08106668200597804
3,50,x1,0.01,0.050833333333333335,500,0.008102370133596055,0.04169621844565731
3,50,x1,0.01,0.050833333333333335,500,0.00850428370211866,0.04451252786454846
3,50,x1,0.01,0.050833333333333335,500,0.009721195927956764,0.03380326287540331
3,50,x1,0.01,0.050833333333333335,500,0.003350364653197585,0.0736145600706696
3,50,x1,0.01,0.050833333333333335,500,0.005759832797415974,0.05910686991170846
3,50,x1,0.01,0.050833333333333335,500,-2.6782204742489124e-4,0.12206381238253454
3,50,x1,0.01,0.050833333333333335,500,0.012033792871682162,0.010347478313803888
3,50,x1,0.01,0.050833333333333335,500,0.006542872298859537,0.053878657909077046
3,50,x1,0.01,0.050833333333333335,500,0.01249056135774365,-0.002491849930955922
3,50,x1,0.01,0.050833333333333335,500,0.004672680153423469,0.06955178071776486
3,50,x1,0.01,0.050833333333333335,500,0.00503089074574243,0.05270264384466424
3,50,x1,0.01,0.050833333333333335,500,0.0073212146424351055,0.06871417789900147
3,50,x1,0.01,0.050833333333333335,500,0.012787760732583057,1.534396379629676e-5
3,50,x1,0.01,0.050833333333333335,500,0.008752543739890564,0.08038085000320294
3,50,x1,0.01,0.050833333333333335,500,0.0023193265296554038,0.09758790960280501
3,50,x1,0.01,0.050833333333333335,500,0.013754862647379192,0.026349228858668673
3,50,x1,0.01,0.050833333333333335,500,0.0079647462152682,0.05778471557671461
3,50,x1,0.01,0.050833333333333335,500,0.011196169997138695,0.004738220034676074
3,50,x1,0.01,0.050833333333333335,500,0.008155730387903487,0.024409261412667676
3,50,x1,0.01,0.050833333333333335,500,0.021132664827719642,0.010459996541961126
3,50,x1,0.01,0.050833333333333335,500,0.010631557529173174,0.041001990572682334
3,50,x1,0.01,0.050833333333333335,500,0.005287501466052566,0.09811463965330774
3,50,x1,0.01,0.050833333333333335,500,0.01014554218155047,0.01587006195015232
3,50,x1,0.01,0.050833333333333335,500,0.021231396266340328,-0.0030096115905181063
3,50,x1,0.01,0.050833333333333335,500,0.01300486231901576,0.011333644891150083
3,50,x1,0.01,0.050833333333333335,500,0.010021350774207197,0.02276197786699224
3,50,x1,0.01,0.050833333333333335,500,0.008516416899541045,0.03714455522581007
3,50,x1,0.01,0.050833333333333335,500,0.009623391074318593,-4.293972339827793e-4
3,50,x1,0.01,0.050833333333333335,500,0.009069421859027794,0.026012792698491456
3,50,x1,0.01,0.050833333333333335,500,0.015145810176658066,0.00419593571898491
3,50,x1,0.01,0.050833333333333335,500,0.015970674551793847,0.011147532167234228
3,50,x1,0.01,0.050833333333333335,500,0.01280616745811552,5.606707750589808e-4
3,50,x1,0.01,0.050833333333333335,500,0.011889796155995325,0.0409479445879114
3,50,x1,0.01,0.050833333333333335,500,0.002957828734103446,0.07288519957584615
3,50,x1,0.01,0.050833333333333335,500,0.004906286465066103,0.05609191006540892
3,50,x1,0.01,0.050833333333333335,500,0.005927602582481535,0.07611713452013867
3,50,x1,0.01,0.050833333333333335,500,0.020836122733694073,-0.0031952338232623615
3,50,x1,0.01,0.050833333333333335,500,0.0051248884654026975,0.07037977930474887
3,50,x1,0.01,0.050833333333333335,500,0.00802319749129223,0.045344029749636944
3,50,x1,0.01,0.050833333333333335,500,0.014079430091979562,-0.0019089259030036763
3,50,x1,0.01,0.050833333333333335,500,0.015479243340613446,0.024278438674927284
3,50,x1,0.01,0.050833333333333335,500,0.007270876793613957,0.057194917676276845
3,50,x1,0.01,0.050833333333333335,500,0.0111087766058982,0.029243058497112433
3,50,x1,0.01,0.050833333333333335,500,0.006986812259727243,0.029210749214662386
3,50,x1,0.01,0.050833333333333335,500,0.009180552392316771,0.03706777736871129
3,50,x1,0.01,0.050833333333333335,500,0.010817385779546128,0.05855953314649324
3,50,x1,0.01,0.050833333333333335,500,0.013862851803700331,0.008570630783265426
3,50,x1,0.01,0.050833333333333335,500,0.0018789324043865607,0.07776496048193758
3,50,x1,0.01,0.050833333333333335,500,0.007383509904831209,0.10477875023882555
3,50,x1,0.01,0.050833333333333335,500,0.010084319326179696,0.04126177444068791
3,50,x1,0.01,0.050833333333333335,500,0.013869607616580905,-0.02091410441776391
3,50,x1,0.01,0.050833333333333335,500,0.014661047808275705,0.018745113634831903
3,50,x1,0.01,0.050833333333333335,500,0.0077848772017129675,0.0589039388760932
3,50,x1,0.01,0.050833333333333335,500,0.021162799509740624,0.007700906217205911
3,50,x1,0.01,0.050833333333333335,500,0.00877327121007515,0.007698104158508066
3,50,x1,0.01,0.050833333333333335,500,0.009911861359755778,0.039123915920365585
3,50,x1,0.01,0.050833333333333335,500,0.00756043693187525,0.1531701882968891
3,50,x1,0.01,0.050833333333333335,500,-0.0030764043375317027,0.1207764791226686
3,50,x1,0.01,0.050833333333333335,500,0.007255202704651944,0.008960131564415597
3,50,x1,0.01,0.050833333333333335,500,0.01648391539680093,0.0047491897756315685
3,50,x1,0.01,0.050833333333333335,500,0.008172974503061588,0.06008811069914381
3,50,x1,0.01,0.050833333333333335,500,0.00807953706239685,0.032866562570236846
3,50,x1,0.01,0.050833333333333335,500,0.009558230911644568,0.059462295611302306
3,50,x1,0.01,0.050833333333333335,500,8.762344404339216e-4,0.09512049985303328
3,50,x1,0.01,0.050833333333333335,500,0.01341103205170479,0.034107051477128496
3,50,x1,0.01,0.050833333333333335,500,0.0031646023577387326,0.07072631467047424
3,50,x1,0.01,0.050833333333333335,500,0.010360881613378524,0.03169908561576575
3,50,x1,0.01,0.050833333333333335,500,0.012008801978079063,-0.007967661512995536
3,50,x1,0.01,0.050833333333333335,500,0.010868626610972005,0.06112841321878649
3,50,x1,0.01,0.050833333333333335,500,0.003933310601943667,0.153020336432067
3,50,x1,0.01,0.050833333333333335,500,0.013402513092462919,-0.004476364033188735
3,50,x1,0.01,0.050833333333333335,500,0.012831045081877613,0.025254557424890287
3,50,x1,0.01,0.050833333333333335,500,0.009403497438031906,0.07853003319552002
3,50,x1,0.01,0.050833333333333335,500,0.0111727880194591,0.03362472552449557
3,50,x1,0.01,0.050833333333333335,500,0.008541916131335358,0.04371548476610019
3,50,x1,0.01,0.050833333333333335,500,0.004048890303897537,0.10558159770505643
3,50,x1,0.01,0.050833333333333335,500,0.01076511827891205,0.03373876601927322
3,50,x1,0.01,0.050833333333333335,500,0.012836993668367642,0.04437070405357785
3,50,x1,0.01,0.050833333333333335,500,0.013584139552775066,0.0010727772048626531
3,50,x1,0.01,0.050833333333333335,500,0.002760936032110016,0.13066688748777716
3,50,x1,0.01,0.050833333333333335,500,0.012233263369678787,0.005039749476696982
3,50,x1,0.01,0.050833333333333335,500,0.012309325046466079,0.028020627886484566
3,50,x1,0.01,0.050833333333333335,500,0.012559082009700046,0.015824724908476317
3,50,x1,0.01,0.050833333333333335,500,0.020736919339193048,0.008390945221748882
3,50,x1,0.01,0.050833333333333335,500,0.004518762156144632,0.09280220145644084
3,50,x1,0.01,0.050833333333333335,500,0.013408663133554492,0.033062548616764685
3,50,x1,0.01,0.050833333333333335,500,0.009041547809546361,0.09948988494086922
3,50,x1,0.01,0.050833333333333335,500,0.0036366967340827807,0.0980361628165963
3,50,x1,0.01,0.050833333333333335,500,0.014285014097697358,-0.00851738768494201
3,50,x1,0.01,0.050833333333333335,500,0.012114531833081586,0.05214259413501892
3,50,x1,0.01,0.050833333333333335,500,0.021265442876961988,0.025309862862404536
3,50,x1,0.01,0.050833333333333335,500,0.015613269503467727,0.028128564334410504
3,50,x1,0.01,0.050833333333333335,500,0.0020840173907108643,0.07997420181468358
3,50,x1,0.01,0.050833333333333335,500,0.0030070709874135916,0.07801797759145604
3,50,x1,0.01,0.050833333333333335,500,0.015146194333141313,0.0050546933528414556
3,50,x1,0.01,0.050833333333333335,500,-0.0032526612219788372,0.13422656565736363
3,50,x1,0.01,0.050833333333333335,500,0.008862952485565097,0.0897644792912361
3,50,x1,0.01,0.050833333333333335,500,0.004994058116036295,0.06680719744556933
3,50,x1,0.01,0.050833333333333335,500,0.0017112155893254913,0.07176607166443982
3,50,x1,0.01,0.050833333333333335,500,0.011746972912828819,0.03185981516171881
3,50,x1,0.01,0.050833333333333335,500,-0.0010416630040412367,0.1588602169478238
3,50,x1,0.01,0.050833333333333335,500,0.007544026428985421,0.06457206359497583
3,50,x1,0.01,0.050833333333333335,500,0.008732944118699367,0.026324398733315133
3,50,x1,0.01,0.050833333333333335,500,0.0035265456304125276,0.027861938960821113
3,50,x1,0.01,0.050833333333333335,500,0.024088241250187045,-0.002724788080730418
3,50,x1,0.01,0.050833333333333335,500,0.010719749585757214,0.03655429248270585
3,50,x1,0.01,0.050833333333333335,500,0.004337940651889827,0.09780064923399469
3,50,x1,0.01,0.050833333333333335,500,0.01563614928099274,-0.004240705335101206
3,50,x1,0.01,0.050833333333333335,500,0.010234561995797961,0.044285452305988696
3,50,x1,0.01,0.050833333333333335,500,0.010340059906128787,0.03232069364998919
3,50,x1,0.01,0.050833333333333335,500,0.018555311015184716,-0.010746969524829727
3,50,x1,0.01,0.050833333333333335,500,0.006568819444741753,0.06745189064141648
3,50,x1,0.01,0.050833333333333335,500,0.0059255813058268075,0.05417166049127699
3,50,x1,0.01,0.050833333333333335,500,0.006277239471761741,0.03820315725921817
3,50,x1,0.01,0.050833333333333335,500,0.0037426750110127077,0.10395007053989684
3,50,x1,0.01,0.050833333333333335,500,0.007865919601509874,0.0351702081855936
3,50,x1,0.01,0.050833333333333335,500,0.00797317202551487,0.07240144398946267
3,50,x1,0.01,0.050833333333333335,500,-0.0021426701202944954,0.1295037513333431
3,50,x1,0.01,0.050833333333333335,500,0.01642983410976169,7.912803100978789e-4
3,50,x1,0.01,0.050833333333333335,500,0.009702088827563083,0.09750458172344169
3,50,x1,0.01,0.050833333333333335,500,0.010807543912513793,0.021160840206253795
3,50,x1,0.01,0.050833333333333335,500,0.009785780387336932,0.031868041668046763
3,50,x1,0.01,0.050833333333333335,500,0.010754805563677826,0.042521595409927025
3,50,x1,0.01,0.050833333333333335,500,0.009048070962420699,0.04691988352469227
3,50,x1,0.01,0.050833333333333335,500,0.01359074563525527,-0.014495098737054627
3,50,x1,0.01,0.050833333333333335,500,0.008520624614242462,0.021376625625212115
3,50,x1,0.01,0.050833333333333335,500,0.0019363913975718966,0.1426809260213167
3,50,x1,0.01,0.050833333333333335,500,0.015617435968955005,0.0035584311763651633
3,50,x1,0.01,0.050833333333333335,500,0.01441974676662534,0.11125045636184908
3,50,x1,0.01,0.050833333333333335,500,0.008632387799160226,0.00883850350745429
3,50,x1,0.01,0.050833333333333335,500,0.0028564576673063137,0.10176485818019892
3,50,x1,0.01,0.050833333333333335,500,0.01322039645316432,0.03584901074737859
3,50,x1,0.01,0.050833333333333335,500,-0.0011648221274213973,0.15532502927593125
3,50,x1,0.01,0.050833333333333335,500,0.0046252247827211525,0.06710877219649208
3,50,x1,0.01,0.050833333333333335,500,0.01450606934499156,0.008390640337175157
3,50,x1,0.01,0.050833333333333335,500,0.010287660059873957,0.03989523693440252
3,50,x1,0.01,0.050833333333333335,500,0.012170075234801922,0.010761408741819885
3,50,x1,0.01,0.050833333333333335,500,0.004099800939806517,0.03709165937190603
3,50,x1,0.01,0.050833333333333335,500,0.006012141314576513,0.04432616442790822
3,50,x1,0.01,0.050833333333333335,500,0.008213721625424985,0.0581689379776055
3,50,x1,0.01,0.050833333333333335,500,0.011673085239402832,0.04169447556926647
3,50,x1,0.01,0.050833333333333335,500,0.006264642622470525,0.035972341511552604
3,50,x1,0.01,0.050833333333333335,500,0.001622539534345064,0.055371180724958266
3,50,x1,0.01,0.050833333333333335,500,0.012310261675325472,0.05194244356198885
3,50,x1,0.01,0.050833333333333335,500,0.001324486120972997,0.13619049374834336
3,50,x1,0.01,0.050833333333333335,500,0.01445953738671137,-0.015259926301366895
3,50,x1,0.01,0.050833333333333335,500,0.008866529117580358,0.010908330811433479
3,50,x1,0.01,0.050833333333333335,500,0.014069337787465858,0.007939290491811031
3,50,x1,0.01,0.050833333333333335,500,0.0069733073652379456,0.07068457206796874
3,50,x1,0.01,0.050833333333333335,500,0.006669028640311602,0.06917327255517677
3,50,x1,0.01,0.050833333333333335,500,0.007963021360613299,0.07549029179393682
3,50,x1,0.01,0.050833333333333335,500,0.005084919976835753,0.041358925380298166
3,50,x1,0.01,0.050833333333333335,500,0.002344287475617267,0.08242176161171803
3,50,x1,0.01,0.050833333333333335,500,7.960675335185944e-4,0.1708442186055067
3,50,x1,0.01,0.050833333333333335,500,9.102311518713632e-4,0.08277972734617145
3,50,x1,0.01,0.050833333333333335,500,0.0036061433531993036,0.05209780304082172
3,50,x1,0.01,0.050833333333333335,500,0.014248938131114181,0.01438517804526739
3,50,x1,0.01,0.050833333333333335,500,0.013607565742001032,0.02570772784499386
3,50,x1,0.01,0.050833333333333335,500,0.017929575413931833,0.01838110906238996
3,50,x1,0.01,0.050833333333333335,500,0.007436614809209878,0.05897863772058766
3,50,x1,0.01,0.050833333333333335,500,0.00881901435714399,0.035146921364149326
3,50,x1,0.01,0.050833333333333335,500,0.0044131945127488265,0.0569199237415411
3,50,x1,0.01,0.050833333333333335,500,0.005487172852153412,0.04952977061617583
3,50,x1,0.01,0.050833333333333335,500,0.0026351892377884387,0.10020164406840769
3,50,x1,0.01,0.050833333333333335,500,0.01595731738566705,0.02260110088156988
3,50,x1,0.01,0.050833333333333335,500,0.006276671911054128,0.06795123232250236
3,50,x1,0.01,0.050833333333333335,500,0.012846515607498436,0.0262654628705194
3,50,x1,0.01,0.050833333333333335,500,0.00860094750789605,0.0382577406091262
3,50,x1,0.01,0.050833333333333335,500,0.006323842231397397,0.043148353470466305
3,50,x1,0.01,0.050833333333333335,500,0.006489206640927892,0.016908915191316074
3,50,x1,0.01,0.050833333333333335,500,0.006104028434340493,0.044798883344652096
3,50,x1,0.01,0.050833333333333335,500,0.0052860324964474825,0.05627881563324668
3,50,x1,0.01,0.050833333333333335,500,0.006075643734452529,0.11719729031375155
3,50,x1,0.01,0.050833333333333335,500,0.0038124266568498716,0.03876423564948079
3,50,x1,0.01,0.050833333333333335,500,0.010686393494758124,0.03439778714833503
3,50,x1,0.01,0.050833333333333335,500,0.009461065902003614,0.04215482068312472
3,50,x1,0.01,0.050833333333333335,500,0.01118234153292768,0.06292380505898486
3,50,x1,0.01,0.050833333333333335,500,0.008832316561297243,0.009407578935004728
3,50,x1,0.01,0.050833333333333335,500,0.010116668004448989,0.026662820718318818
3,50,x1,0.01,0.050833333333333335,500,0.013492134217382773,0.06536290465323197
3,50,x1,0.01,0.050833333333333335,500,0.0017488633269465198,0.09103994070901333
3,50,x1,0.01,0.050833333333333335,500,0.011278354517389169,0.016985201846133863
3,50,x1,0.01,0.050833333333333335,500,0.010211565048610751,0.025814274777849384
3,50,x1,0.01,0.050833333333333335,500,0.002156183433555932,0.08926989497141087
3,50,x1,0.01,0.050833333333333335,500,0.011602811906377752,0.012682735059455177
3,50,x1,0.01,0.050833333333333335,500,0.005386761942693168,0.03991272190078198
3,50,x1,0.01,0.050833333333333335,500,0.007247271035943471,0.06114987108803987
3,50,x1,0.01,0.050833333333333335,500,0.019181629196474512,0.0044993436346520985
3,50,x1,0.01,0.050833333333333335,500,0.006705361112165734,0.07331775988632852
3,50,x1,0.01,0.050833333333333335,500,0.008966815960772671,0.0383947501291737
3,50,x1,0.01,0.050833333333333335,500,0.010826381328687969,0.006305929756630781
3,50,x1,0.01,0.050833333333333335,500,0.011039878169634991,-3.064393694476536e-4
3,50,x1,0.01,0.050833333333333335,500,0.005508973576373464,0.09832362568842547
3,50,x1,0.01,0.050833333333333335,500,0.016361379986770664,-0.019971427768634947
3,50,x1,0.01,0.050833333333333335,500,0.010348271999708551,0.06173905018852642
3,50,x1,0.01,0.050833333333333335,500,0.012347399430595148,0.011562406591093118
3,50,x1,0.01,0.050833333333333335,500,0.011254882265942921,0.06464797062596116
3,50,x1,0.01,0.050833333333333335,500,0.018912622547967016,0.03543013935768825
3,50,x1,0.01,0.050833333333333335,500,0.004894944930716054,0.05758068868858413
3,50,x1,0.01,0.050833333333333335,500,0.020429847793942593,-0.013191918857121593
3,50,x1,0.01,0.050833333333333335,500,0.006798379853114432,0.0631267293432138
3,50,x1,0.01,0.050833333333333335,500,0.003618558702574674,0.115245316542858
3,50,x1,0.01,0.050833333333333335,500,0.007498015565365956,0.04982177578779701
3,50,x1,0.01,0.050833333333333335,500,0.003924233509443501,0.02721622818543943
3,50,x1,0.01,0.050833333333333335,500,0.006901424564593549,0.057633433760724426
3,50,x1,0.01,0.050833333333333335,500,0.0031907026796922327,0.16709813990188788
3,50,x1,0.01,0.050833333333333335,500,0.010606803683213047,0.08960420314681328
3,50,x1,0.01,0.050833333333333335,500,0.006855179765699839,0.0836176640164139
3,50,x1,0.01,0.050833333333333335,500,0.017657908174641104,0.0621564356871336
3,50,x1,0.01,0.050833333333333335,500,0.0054012833157593195,0.04262578542208861
3,50,x1,0.01,0.050833333333333335,500,0.011274367932156925,0.02349263169474143
3,50,x1,0.01,0.050833333333333335,500,0.012849997126686283,-0.0026057729444430976
3,50,x1,0.01,0.050833333333333335,500,0.008523564935024696,0.043353335322757924
3,50,x1,0.01,0.050833333333333335,500,0.0077286558648505714,0.07370093150722791
3,50,x1,0.01,0.050833333333333335,500,0.011380707038514062,0.011566644185493852
3,50,x1,0.01,0.050833333333333335,500,0.020613197769219285,0.015409891976355833
3,50,x1,0.01,0.050833333333333335,500,0.009627629503495234,0.0554664327349937
3,50,x1,0.01,0.050833333333333335,500,0.023128824273373604,-0.009113771655461282
3,50,x1,0.01,0.050833333333333335,500,0.008360222989047343,0.047828788360502715
3,50,x1,0.01,0.050833333333333335,500,0.008813461497035753,0.04838571184102656
3,50,x1,0.01,0.050833333333333335,500,0.015404440984376138,-0.008870586629433465
3,50,x1,0.01,0.050833333333333335,500,0.012881219568724825,0.013407174487132583
3,50,x1,0.01,0.050833333333333335,500,0.0024683384224456193,0.0903412916083861
3,50,x1,0.01,0.050833333333333335,500,0.019064080871092185,0.011277941014752824
3,50,x1,0.01,0.050833333333333335,500,0.005759193594892207,0.10932316785456035
3,50,x1,0.01,0.050833333333333335,500,0.01310389369564465,0.021783418944729554
3,50,x1,0.01,0.050833333333333335,500,0.004551375186154369,0.06966420041589774
3,50,x1,0.01,0.050833333333333335,500,0.0013150351753116866,0.09425831909782847
3,50,x1,0.01,0.050833333333333335,500,0.005763296981586001,0.07768597438319623
3,50,x1,0.01,0.050833333333333335,500,0.01332558440033098,0.03013865635262654
3,50,x1,0.01,0.050833333333333335,500,0.011696851816138297,0.056052040247553454
3,50,x1,0.01,0.050833333333333335,500,0.019462020156418028,0.006464837003962251
3,50,x1,0.01,0.050833333333333335,500,0.012766045216735996,0.022811067162587934
3,50,x1,0.01,0.050833333333333335,500,0.011571613779172736,0.0547514951929192
3,50,x1,0.01,0.050833333333333335,500,0.004567166606681596,0.06141029614476331
3,50,x1,0.01,0.050833333333333335,500,0.010317135853367326,0.01306945860064593
3,50,x1,0.01,0.050833333333333335,500,0.013170656443255373,0.024125108901450615
3,50,x1,0.01,0.050833333333333335,500,0.011955129251170891,0.0390202425221501
3,50,x1,0.01,0.050833333333333335,500,0.011417868995228756,0.020040470192404562
3,50,x1,0.01,0.050833333333333335,500,0.005316426134070475,0.14998010651812693
3,50,x1,0.01,0.050833333333333335,500,0.010969085409613211,0.07388627440579419
3,50,x1,0.01,0.050833333333333335,500,0.006992709517973908,0.031151383930362004
3,50,x1,0.01,0.050833333333333335,500,0.023068820722220787,0.005954134646864062
3,50,x1,0.01,0.050833333333333335,500,0.014529921577469481,-0.004774237698510666
3,50,x1,0.01,0.050833333333333335,500,0.009124804294602653,0.03238134844962288
3,50,x1,0.01,0.050833333333333335,500,0.007249917589297304,0.05238071263968978
3,50,x1,0.01,0.050833333333333335,500,0.011735090689123581,0.054276692594927456
3,50,x1,0.01,0.050833333333333335,500,0.014201608053255902,0.045947203239718404
3,50,x1,0.01,0.050833333333333335,500,0.009739068474406776,0.05787899222182557
3,50,x1,0.01,0.050833333333333335,500,0.006359123135938443,0.04402977236405512
3,50,x1,0.01,0.050833333333333335,500,0.004404689373296478,0.09295192516022362
3,50,x1,0.01,0.050833333333333335,500,0.009636968019773982,0.025218679110166085
3,50,x1,0.01,0.050833333333333335,500,0.0016018760685220232,0.16344018910433025
3,50,x1,0.01,0.050833333333333335,500,0.015032424197285963,0.023240480799209977
3,50,x1,0.01,0.050833333333333335,500,0.008691012214397574,0.0031970402187289303
3,50,x1,0.01,0.050833333333333335,500,0.006559207025897436,0.12953265950998247
3,50,x1,0.01,0.050833333333333335,500,0.016705402607098945,0.005578241329280938
3,50,x1,0.01,0.050833333333333335,500,0.00740817068770587,0.0368799182381037
3,50,x1,0.01,0.050833333333333335,500,0.00888617086692371,0.03693327475399619
3,50,x1,0.01,0.050833333333333335,500,0.006858787355622022,0.09871729300961628
3,50,x1,0.01,0.050833333333333335,500,0.009220759743767092,0.050688865804461095
3,50,x1,0.01,0.050833333333333335,500,0.00781758177706794,0.07091993047125848
3,50,x1,0.01,0.050833333333333335,500,0.01967020658859025,0.03714087369733601
3,50,x1,0.01,0.050833333333333335,500,0.0035499802788231207,0.011598322036394897
3,50,x1,0.01,0.050833333333333335,500,0.011402792637418446,0.00294463716518574
3,50,x1,0.01,0.050833333333333335,500,0.019452906861424382,0.04829145697777485
3,50,x1,0.01,0.050833333333333335,500,0.005254149791085369,0.01714764345921242
3,50,x1,0.01,0.050833333333333335,500,-0.0025891635600025433,0.16263028893215856
3,50,x1,0.01,0.050833333333333335,500,0.020543978080957738,0.020144808138681337
3,50,x1,0.01,0.050833333333333335,500,0.008594335743332555,0.07168744466011424
3,50,x1,0.01,0.050833333333333335,500,0.011286556558394778,0.05419100189451903
3,50,x1,0.01,0.050833333333333335,500,0.015255351313103894,0.0404598838130087
3,50,x1,0.01,0.050833333333333335,500,0.00795382325337608,0.05062663447531744
3,50,x1,0.01,0.050833333333333335,500,0.0022863183484964794,0.05123701494690003
3,50,x1,0.01,0.050833333333333335,500,0.00869509218602264,0.062242319651929376
3,50,x1,0.01,0.050833333333333335,500,0.00770262308049658,0.014793443511523969
3,50,x1,0.01,0.050833333333333335,500,0.012830783547620156,0.002715302448489445
3,50,x1,0.01,0.050833333333333335,500,0.010681427081378377,0.017337055882100934
3,50,x1,0.01,0.050833333333333335,500,0.0048046447133088446,0.028142616626992144
3,50,x1,0.01,0.050833333333333335,500,0.0028041923091885173,0.08255360315123624
3,50,x1,0.01,0.050833333333333335,500,0.011563948531384552,0.03901096886159892
3,50,x1,0.01,0.050833333333333335,500,0.013005385144202585,0.06785570962152056
3,50,x1,0.01,0.050833333333333335,500,0.015535507794697392,0.006513402609515412
3,50,x1,0.01,0.050833333333333335,500,0.0036406213321031862,0.11964786741326676
3,50,x1,0.01,0.050833333333333335,500,0.017435598696162676,0.009917945240000376
3,50,x1,0.01,0.050833333333333335,500,0.011643464921016571,0.03868792931925008
3,50,x1,0.01,0.050833333333333335,500,0.011529756170981655,0.03976744084095419
3,50,x1,0.01,0.050833333333333335,500,0.009586826938662587,0.06295539233864013
3,50,x1,0.01,0.050833333333333335,500,0.005421506371976986,0.10398662618128163
3,50,x1,0.01,0.050833333333333335,500,0.006402619910260451,0.08670869562646012
3,50,x1,0.01,0.050833333333333335,500,0.008011836243165567,0.046075070747117086
3,50,x1,0.01,0.050833333333333335,500,0.012456230020811608,0.0510644968362409
3,50,x1,0.01,0.050833333333333335,500,0.009390142079411497,0.02100208286629832
3,50,x1,0.01,0.050833333333333335,500,0.007966330069420335,0.08680197147456173
3,50,x1,0.01,0.050833333333333335,500,0.003450192207337254,0.09621733050676726
3,50,x1,0.01,0.050833333333333335,500,0.012132441156179999,-0.001375532749664451
3,50,x1,0.01,0.050833333333333335,500,0.011464748441562951,0.03657454012721135
3,50,x1,0.01,0.050833333333333335,500,0.006841247176787668,0.05869662757577569
3,50,x1,0.01,0.050833333333333335,500,0.01729584149556761,0.025290178169807154
3,50,x1,0.01,0.050833333333333335,500,0.004044698662162441,0.050205828222443814
3,50,x1,0.01,0.050833333333333335,500,0.010923905511727493,0.06697598536313834
3,50,x1,0.01,0.050833333333333335,500,0.012275018020042924,0.026939416767811898
3,50,x1,0.01,0.050833333333333335,500,0.015549648034469241,0.013503883441849641
3,50,x1,0.01,0.050833333333333335,500,0.01144297367972337,0.03537876824404163
3,50,x1,0.01,0.050833333333333335,500,0.006888897975779757,0.08897017845046139
3,50,x1,0.01,0.050833333333333335,500,0.013894030281889392,0.012624022814101988
3,50,x1,0.01,0.050833333333333335,500,0.007998198169767802,0.063348338330159
3,50,x1,0.01,0.050833333333333335,500,0.010013663543068985,0.006608246415058186
3,50,x1,0.01,0.050833333333333335,500,0.01012535472997854,0.08954746736993481
3,50,x1,0.01,0.050833333333333335,500,0.005112971945749715,0.05107942479504664
3,50,x1,0.01,0.050833333333333335,500,0.00946515654860726,0.0820831899786015
3,50,x1,0.01,0.050833333333333335,500,0.006613404965242412,0.04971797874433418
3,50,x1,0.01,0.050833333333333335,500,0.00507760693454638,0.11017495425258068
3,50,x1,0.01,0.050833333333333335,500,0.009551440178143682,0.044032989998716104
3,50,x1,0.01,0.050833333333333335,500,0.012293663043499842,0.06378065228843559
3,50,x1,0.01,0.050833333333333335,500,0.017505982506936787,0.034988844379635925
3,50,x1,0.01,0.050833333333333335,500,0.0032296906160380052,0.10352224884755887
3,50,x1,0.01,0.050833333333333335,500,0.010992376606016012,0.06906015663601944
3,50,x1,0.01,0.050833333333333335,500,0.007702656574320868,0.048624545407950893
3,50,x1,0.01,0.050833333333333335,500,0.00863476425555133,0.11032516939193851
3,50,x1,0.01,0.050833333333333335,500,0.012713279539218893,0.06143803561957481
3,50,x1,0.01,0.050833333333333335,500,0.0035953819644106095,0.060154256254688544
3,50,x1,0.01,0.050833333333333335,500,0.01590939971627213,0.03842833186906005
3,50,x1,0.01,0.050833333333333335,500,0.015139090945749414,0.05862929379093428
3,50,x1,0.01,0.050833333333333335,500,0.00716198195200067,0.1040409766085931
3,50,x1,0.01,0.050833333333333335,500,0.00815455218668403,0.0415082598859165
3,50,x1,0.01,0.050833333333333335,500,0.007247029342503602,0.04235302536738256
3,50,x1,0.01,0.050833333333333335,500,0.010169556992085728,0.030148335623945928
3,50,x1,0.01,0.050833333333333335,500,0.010703499739016404,0.035515383087689444
3,50,x1,0.01,0.050833333333333335,500,0.005194755501880964,0.02891654923841106
3,50,x1,0.01,0.050833333333333335,500,0.011321128403943954,0.04182883981187457
3,50,x1,0.01,0.050833333333333335,500,0.009740830249242553,0.03760112942562374
3,50,x1,0.01,0.050833333333333335,500,0.011760078396209031,0.02532134427139852
3,50,x1,0.01,0.050833333333333335,500,0.00536918032772964,0.05440750496837466
3,50,x1,0.01,0.050833333333333335,500,0.01162570003076199,0.1066300165347751
3,50,x1,0.01,0.050833333333333335,500,0.0049731726867749204,0.05025907331238033
3,50,x1,0.01,0.050833333333333335,500,0.01566394413081769,-0.021572315123033807
3,50,x1,0.01,0.050833333333333335,500,0.005110942609873193,0.09536478846273183
3,50,x1,0.01,0.050833333333333335,500,0.008601178017723038,0.09328453486914025
3,50,x1,0.01,0.050833333333333335,500,0.012914067051254143,0.03705265217552882
3,50,x1,0.01,0.050833333333333335,500,0.003872871814402794,0.05973343849106404
3,50,x1,0.01,0.050833333333333335,500,0.011614926023463035,8.652570959280766e-4
3,50,x1,0.01,0.050833333333333335,500,0.01322909585702004,0.012616151855251554
3,50,x1,0.01,0.050833333333333335,500,0.005496894928422817,0.08335781852217787
3,50,x1,0.01,0.050833333333333335,500,0.009825179753420912,0.03813319437510392
3,50,x1,0.01,0.050833333333333335,500,0.007697637375547869,0.05583263698835097
3,50,x1,0.01,0.050833333333333335,500,0.010109166865177245,0.07408314409072334
3,50,x1,0.01,0.050833333333333335,500,0.012331313902512001,0.03365918332995673
3,50,x1,0.01,0.050833333333333335,500,0.006327680340495058,0.07072111166261519
3,50,x1,0.01,0.050833333333333335,500,0.0016932847981115432,0.1334645682303432
3,50,x1,0.01,0.050833333333333335,500,0.004190068381759819,0.07802953915005055
3,50,x1,0.01,0.050833333333333335,500,0.005394431625697246,0.08629987693008252
3,50,x1,0.01,0.050833333333333335,500,0.008450910637933282,0.06256792826580383
3,50,x1,0.01,0.050833333333333335,500,0.01065119948679625,0.04991631859642843
3,50,x1,0.01,0.050833333333333335,500,0.0028602885771473667,0.1227564480958461
3,50,x1,0.01,0.050833333333333335,500,0.01634457454122608,-4.975353615819954e-4
3,50,x1,0.01,0.050833333333333335,500,0.01594170716803673,0.0039932105553557844
3,50,x1,0.01,0.050833333333333335,500,0.010159068493127548,0.029639866793588668
3,50,x1,0.01,0.050833333333333335,500,0.012105345637174013,0.004813071439975626
3,50,x1,0.01,0.050833333333333335,500,0.017946279507698414,-0.014615811270611448
3,50,x1,0.01,0.050833333333333335,500,0.015456448188136905,-0.007229036578846246
3,50,x1,0.01,0.050833333333333335,500,0.016278247436597403,-0.006260561457671753
3,50,x1,0.01,0.050833333333333335,500,0.006213829815227086,0.030488366814251346
3,50,x1,0.01,0.050833333333333335,500,0.003777858228881591,0.09025568964874876
3,50,x1,0.01,0.050833333333333335,500,0.011463265674457403,-0.004570073567746641
3,50,x1,0.01,0.050833333333333335,500,0.010606767776553607,0.043868423135906644
3,50,x1,0.01,0.050833333333333335,500,0.007010906825854689,0.11822959456219445
3,50,x1,0.01,0.050833333333333335,500,0.010138986638339854,-9.256589159321585e-4
3,50,x1,0.01,0.050833333333333335,500,0.007678403989151428,0.03780732309235715
3,50,x1,0.01,0.050833333333333335,500,0.011920681745246384,0.07502783879328179
3,50,x1,0.01,0.050833333333333335,500,0.006994163890681337,0.03556774509021477
3,50,x1,0.01,0.050833333333333335,500,0.020278545413131382,-0.0019173276833449604
